iter	Logloss
0	0.2328808376
1	0.1308323179
2	0.08306537356
3	0.05141636303
4	0.03645415306
5	0.03163040706
6	0.02549186775
7	0.02224583626
8	0.01702170202
9	0.01448299374
